supplement,evidence,condition,sub_condition,type,popularity,notes,source names,link
abatacept,4,musculoskeletal,osteoarthritis,hormone,"87,500",Appears to reduce joint pain and improve function.,Cochrane,http://www.cochrane.org/CD007277/MUSKEL_abatacept-for-rheumatoid-arthritis
agnus castus,5,women,PMS,plant / herb,"160,000",Helps improve PMS symptoms.,"Archives of Gynecology and Obstetrics; The European Menopause Journal, Archives of Women's Mental Health, American Journal of Obstetrics and Gynecology, Electronic Physician",https://www.sciencedirect.com/science/article/pii/S0002937817303198
aloe vera,0,digestion,digestive aid,plant / herb,"11,800,000","HARMFUL. Never eat. Ingestion can causes diarrhea, electrolyte imbalance and kidney disfunction.",Journal of Environmental Science and Health,http://www.tandfonline.com/doi/abs/10.1080/10590500600614303#.VcDwRZNVhBc
aloe vera,1,general health,"burns, cuts",plant / herb,"18,800,000",No high quality evidence to support aloe vera for treatment of wounds.,Cochrane,https://www.cochrane.org/CD008762/WOUNDS_aloe-vera-for-treating-acute-and-chronic-wounds
aloe vera,2,diabetes,diabetes,plant / herb,"27,800,000",One study found diabetes patients with high blood levels of fat (dyslipidemia) benefited from one 300mg capsule every 12 hours for 2 months.,Planta Medica,http://www.omni.org.il/_Uploads/dbsAttachedFiles/Research1.Antihyperglycemic.pdf
andrographis,1,infections,respiratory tract infections,plant / herb,"154,000",Slight evidence of reduced symptoms.,Otolaryngologic Clinics of North America,http://www.sciencedirect.com/science/article/pii/S0030666512002149
antioxidants,3,"sexual health, men, children",infertility in men,compound,"1,900,000",Evidence of anti-oxidants as treatment for male infertility is inconclusive.,Cochrane,http://onlinelibrary.wiley.com/doi/10.1002/14651858.CD007411.pub3/abstract
antioxidants,0,general health,mortality,compound,"7,330,000","Taking antixoxidants have no health benefits. In fact, beta carotene, vitamin A and vitamin E appear to increase the risk of death.",Cochrane,http://onlinelibrary.wiley.com/doi/10.1002/14651858.CD007176.pub2/abstract
ashwagandha,4,mental health,anxiety & stress,plant / herb,"1,130,000",A review of 5 human trials concludes Ashwagandha reduces anxiety & stress. The review calls for more trials. ,The Journal of Alternative and Complementary Medicine,http://online.liebertpub.com/doi/abs/10.1089/acm.2014.0177
ashwagandha,2,sexual health,erectile dysfunction,plant / herb,"634,000","In a single pilot study on 46 men with low-sperm count, ashwagandha supplementation appeared to increase sperm count  & volume. ",Evidence-based complimentary & alternative medicine,http://onlinelibrary.wiley.com/o/cochrane/clcentral/articles/963/CN-00977963/frame.html
ashwagandha,2,musculoskeletal,rheumatoid arthritis ,plant / herb,"407,000",No solid evidence.,Indian Journal of Medical Research,http://onlinelibrary.wiley.com/o/cochrane/clcentral/articles/011/CN-01197011/frame.html
astaxanthin,1,general health,oxidative stress,compound,"261,000",No human trials yet. ,"Cochrane, PLoS One",http://onlinelibrary.wiley.com/o/cochrane/clcentral/articles/581/CN-00909581/frame.html
astragalus,2,general health,"dna damage, immune system",plant / herb,"740,000",Limited studies suggest a stengthening of  the immune system. More evidence needed.,"Block, Mead (2003)",http://www.ncbi.nlm.nih.gov/pubmed/15035888
astragalus,3,general health,chronic kidney disease,plant / herb,"354,000",Low quality evidence for patients with chronic kidney disease when combined with conventional treatments. ,Cochrane,http://onlinelibrary.wiley.com/doi/10.1002/14651858.CD008369.pub2/abstract
bee pollen,1,cancer,cancer ,other,"3,730,000",No evidence,European Journal of Medicinal Chemistry,http://www.ncbi.nlm.nih.gov/pubmed/20598400
benfotiamine ,3,"diabetes, general health","anti-aging, diabetes ",compound,"311,000",A study of high-dose benfotiamine (300 mg/day) supplementation over 24 months showed no significant effects.,Cochrane,http://www.cochrane.org/CD009403/RENAL_vitamin-b-and-its-derivatives-for-diabetic-kidney-disease
beta-carotene,1,cancer,cancer,vitamin,"5,410,000",There is no evidence that beta-carotene prevents cancer.,PubMed,http://www.ncbi.nlm.nih.gov/pubmed/18689373
beta glucans,1,cancer,cancer,compound,"280,000","Compounds found in brewers' yeast and mushrooms. Most studies so far have been done in animals or test tubes, rather than on human subjects. Trials on human subjects are needed. ",Evidence-Based Complementary and Alternative Medicine,http://www.hindawi.com/journals/ecam/2014/252171/
beta glucans,2,"infections, respiratory","colds, immune system",compound,"558,000",Reduced number of colds by 25% and severity of symptoms by 15%. Might increase the body's ability to fend off infections.,Molecular Nutrition and Food Research,http://onlinelibrary.wiley.com/doi/10.1002/mnfr.201300338/full
bitter melon,1,diabetes,diabetes,plant / herb,"1,150,000",Not enough evidence to support using bitter melon in diabetes treament.,Cochrane,http://www.cochrane.org/CD007845/ENDOC_momordica-charantia-for-type-2-diabetes-mellitus
black cohosh,2,women,menopause,plant / herb,"530,000",Insufficient evidence to claim that black cohosh improves menopause symptoms. ,Cochrane,http://www.cochrane.org/CD007244/MENSTR_black-cohosh-cimicifuga-spp.-for-menopausal-symptoms
black tea,1,cancer,cancer prevention,plant / herb,"151,000,000",Reviews have found no association between black tea and ovarian or breast cancer risk.,Nutrition and Cancer,http://www.tandfonline.com/doi/abs/10.1080/01635581.2014.936947#.Va-yTBNVhBc
borage seed oil,4,musculoskeletal,rheumatoid arthritis,plant / herb,"93,300","Improves pain and function, and probably has no adverse effects. ",Cochrane,http://www.cochrane.org/CD002948/MUSKEL_herbal-therapy-for-rheumatoid-arthritis
borage seed oil,1,eye & skin,eczema,plant / herb,"1,420,000",A review of 27 studies found no evidence of efficacy.,Cochrane,https://www.cochrane.org/CD004416/SKIN_oral-evening-primrose-oil-and-borage-oil-eczema
bromelain,3,musculoskeletal,arthritis,enzyme,"571,000",Bromelain reduces arthritis symptoms. More research into dosage and side effects required. ,"Annals of Internal Medicine
Common Knowledge",http://commons.pacificu.edu/pa/475/
butterbur,2,pain,migraines,plant / herb,"59,700",Butterbur extract may lower the frequency and severity of migraines.,Neurology,http://www.neurology.org/content/78/17/1346.short
caffeine,5,cognition,memory,compound,"34,200,000",Enhances consolidation of long term memories. Improves memory in young adults during their non-optimal time of day (mornings). ,"Borota et al 2014, Frontiers in Psychology",http://www.ncbi.nlm.nih.gov/pubmed/24413697
caffeine,2,cancer,skin cancer,compound,"19,300,000",Population studies shows women who consume more than three cups of coffee a day MAY have a lower cancer risk than people who drink less than one cup per month. ,Song et al. 2012,http://cancerres.aacrjournals.org/content/72/13/3282
caffeine,2,mental health,"alzheimer's disease, dementia",plant / herb,"4,110,000",Caffiene appears to slow cognitive decline and prevent Alzheimer's. But the results are not definitive. ,Santos et al 2010,http://www.ncbi.nlm.nih.gov/pubmed/20182026
calcium,4,cardio,blood pressure,mineral,"101,000,000","High quality evidence has shown that extra calcium can slightly reduce blood pressure, especially in people younger than 35. ",Cochrane,http://www.cochrane.org/CD010037/HTN_extra-calcium-to-prevent-high-blood-pressure
calcium,4,cancer,colorectal cancer,mineral,"10,700,000","No evidence that calcium supplementation stops colorectal cancer itself, but it does inhibit potentially pre-cancerous colorectal polyps (adenomatous polyps) ",Cochrane,http://www.cochrane.org/CD003548/COLOCA_daily-intake-of-1-gr-dietary-calcium-may-have-moderate-protective-effect-on-development-of-colorectal-adenomatous-polyps
calcium,3,"musculoskeletal, women",osteoporosis in postmenopausal women,mineral,"3,710,000","Calcium supps might help to prevent fractures, although the results have been contradictory.",PubMed,http://www.ncbi.nlm.nih.gov/pubmed/21289325
calcium + vit. D,5,musculoskeletal,bone health,mineral,"43,900,000","A review of 8 studies including 30,970 participants found that calcium plus vitamin D supplementation reduced total fracture risk by 15% and hip fracture risk by 30%. ",Osteoporosis International,https://link.springer.com/article/10.1007/s00198-015-3386-5
calcium + vit. D,2,"cancer, women","breast cancer in premenopausal women, cancer",mineral,"52,100,000",There is no firm evidence that calcium and vitamin D supplementation decreases cancer risk. ,Cochrane,http://onlinelibrary.wiley.com/doi/10.1002/14651858.CD007469.pub2/abstract
cannabis,4,cancer,nausea  ,plant / herb,"703,000",Promising evidence showing a reduction in nausea and vomiting caused by chemotherapy. The FDA has approved 2 synthetic cannabis drugs for treating chemo-related nausea. ,"Cochrane, NAP",http://www.cochrane.org/CD009464/GYNAECA_cannabis-based-medicine-nausea-and-vomiting-people-treated-chemotherapy-cancer
cannabis,3,eye & skin,glaucoma,plant / herb,"1,490,000","Definitely lowers eye pressure, but only temporarily (3-4hrs). Since Glaucoma is a long-term disease, a LOT of cannabis would be required to maintain low pressure levels. Also, cannabis might cause additional damage to the eye by restricting blood flow to the optic nerve. ",American Glaucoma Society,https://community.americanglaucomasociety.net/about/statements
cannabis,5,neurological,Multiple Sclerosis (MS),plant / herb,"22,700,000","2 studies involving a total of 790 subjects showed positive results. Improved muscle spasms, pain, sleep quality, and mobility. Cannabis-based drug Sativex is approved for use in MS patients in 30 countries.",Journal of Ethnopharmacology,http://www.sciencedirect.com/science/article/pii/S0378874106000821
cannabis,4,pain,chronic pain,plant / herb,"79,400,000",Several good quality trials have shown cannabinoids to be modestly effective in treating chronic pain. The harms and side-effects may outweigh the benefits though. Larger and longer trials needed. ,"British Journal of Clinical Pharmacology, Cochrane",https://www.cochranelibrary.com/cdsr/doi/10.1002/14651858.CD012182.pub2/full?highlightAbstract=cannabis&highlightAbstract=cannabi
capsaicin,1,general health,non-allergic rhinitis,plant / herb,"89,900","Capsaicin comes from chili peppers. Evidence has found that inhaling 4 micrograms at least 5 times a day can reduce inflammation, but the quality of the evidence is low. Who wants to inhale chilli?",Cochrane,http://www.cochrane.org/CD010591/ENT_capsaicin-non-allergic-rhinitis
carnosine,1,general health,anti-aging,compound,"292,000","Promising results in mice and in cell studies, but no human trials yet. ",Molecules in Focus,http://www.sciencedirect.com/science/article/pii/S1357272598000600
cat's claw,1,cancer,cancer,plant / herb,"526,000",No human trials. ,Anticancer Research,http://europepmc.org/abstract/med/11724307
chamomile,1,digestion,bowel disorders,plant / herb,"765,000",No high-quality human trials. ,Der Pharma Chemica,https://www.derpharmachemica.com/abstract/chamomile-efficacy-in-patients-of-the-irritable-bowel-syndrome-6898.html
"chocolate, dark",3,cardio,blood pressure,plant / herb,"26,800,000","Chemicals known as flavanols, found in cocoa products, are thought to widen blood vessels and cause a minor drop in blood pressure. Further trials are needed to ascertain long-term efficacy. Does not apply to mllk chocolate.",Cochrane,http://onlinelibrary.wiley.com/doi/10.1002/14651858.CD008893.pub2/abstract
chlorella,4,cardio,"blood pressure, cholesterol, cardiovascular disease",alga,"948,000","Significantly decreases blood pressure, blood glucose, and some cholesterols.",Clinical Nutrition,https://www.clinicalnutritionjournal.com/article/S0261-5614(17)31351-1/fulltext
chromium,2,diabetes,diabetes,mineral,"7,520,000","Might lower blood glucose levels. It might also help with fat loss, which could benefit those with diabetes. ",Cochrane,http://www.cochrane.org/CD010063/ENDOC_chromium_picolinate_supplementation_for_overweight_or_obese_people
cinnamon,1,diabetes,diabetes,plant / herb,"24,200,000",No more effective than placebo in controlling glucose levels. ,Cochrane,http://www.cochrane.org/CD007170/ENDOC_cinnamon-for-diabetes-mellitus
coconut oil,3,"cardio, general health",obesity,plant / herb,"10,100,000","30ml of coconut oil per day might help to reduce waist size, but possibly because the fat in coconut oil isn't as easily stored.",Cochrane,http://onlinelibrary.wiley.com/o/cochrane/clcentral/articles/529/CN-00721529/frame.html
coffee,6,cardio,heart disease,plant / herb,"134,000,000","A metastudy found that the more coffee a person drinks, the lower their risk of cardiovascular disease. The optimum amount of coffee for this benefit was 3-5 per day. ",Epidemiology and Prevention,http://circ.ahajournals.org/content/129/6/643.long
coffee,3,general health,mortality,plant / herb,"54,600,000","A large statistical study of over 650,000 people found that coffee drinking reduced all cause mortality, whether it was instant, ground, or decaffeinated. ",JAMA International Medicine,https://jamanetwork.com/journals/jamainternalmedicine/article-abstract/2686145
colostrinin,1,mental health,alzheimer's disease,compound,"8,280",A few small human studies suggest possible effects on Alzheimers.,The Journal of Nutritional Health and Aging,http://www.ncbi.nlm.nih.gov/pubmed?term=new%20insights%20colostrinin
CoQ10,3,diabetes,diabetes,enzyme,"1,190,000","CoQ10 improves insulin secretion in those with type 2 diabetes. However, human trials have been tiny.  ",Biofactors,http://onlinelibrary.wiley.com/doi/10.1002/biof.1038/abstract?userIsAuthenticated=false&deniedAccessCustomisedMessage=
CoQ10,1,pain,migraine,enzyme,"340,000",Some tentative evidence on migraine sensitivity. But much more research needed.,Sage,http://cep.sagepub.com/content/31/8/897.short
CoQ10,1,cardio,blood pressure,enzyme,"1,390,000",Pooled data from two trials showed that CoQ10 did not affect blood pressure compared to placebo.,Cochrane,http://www.cochrane.org/CD007435/HTN_coenzyme-q10-high-blood-pressure
cranberry,1,"urinary, women",urinary tract infections,plant / herb,"880,000",No statistically significant evidence that cranberry juice or supplements prevent UTIs. ,Cochrane,http://www.cochrane.org/CD001321/RENAL_cranberries-for-preventing-urinary-tract-infections
creatine & CoQ10 ,3,mental health,cognition,compound,"326,000","Creatine doesn't have a significant effect in those with normal brain function, but it can benefit those with impaired brain function when combined with CoQ10. ",European Neurology,http://www.karger.com/Article/Abstract/377676
dandelion,3,infections,tonsillitis,plant / herb,"338,000","Dandelion might have antimicrobial properties, which could help with throat infections. ",Evidence-Based Health Care,http://onlinelibrary.wiley.com/doi/10.1002/14651858.CD004877.pub3/abstract
devil's claw,4,musculoskeletal,arthritis,plant / herb,"226,000",Devil's Claw extract can reduce lower back pain by blocking the pathways that cause joint inflammation. ,Cochrane,http://onlinelibrary.wiley.com/doi/10.1002/14651858.CD004504.pub4/abstract
DHEA,3,"cognition, men",memory in young men,compound,"2,000,000",DHEA might improve memory in young men. ,Cochrane,http://www.cochrane.org/CD006221/DEMENTIA_no-current-evidence-for-an-improvement-in-memory-or-other-aspects-of-cognitive-function-of-non-demented-older-people-following-dhea-supplements
DHEA,1,general health,ageing,compound,"260,000","DHEA has no beneficial impact on body composition, performance etc. ",PubMed,http://www.ncbi.nlm.nih.gov/pubmed/17050889
dong quai,0,"cancer, reproductive",menopause in breast cancer patients,plant / herb,"343,000",HARMFUL. Long term safety data is non-existent. May increase risk of cancer.,Lau et al. 2005,http://www.ncbi.nlm.nih.gov/pubmed/20833608
echinacea,3,infections,colds,plant / herb,"743,000","Echinacea might have a slight impact on preventing and treating colds, but the results are statistically insignificant. ",Cochrane,http://www.cochrane.org/CD000530/ARI_echinacea-for-preventing-and-treating-the-common-cold
ecklonia cava seaweed ,3,"weight control, cardio","cholesterol, weight loss",alga,"62,600",There's evidence that seaweed supplements can combat several mechanisms behind the onset of cardiovascular disease. Ecklonia in particular has been shown to decrease cholesterol.,Marine Drugs,https://www.mdpi.com/1660-3397/13/11/6838/htm
eggshell membrane,5,general health,"joints, arthritis",other,"148,000",Egg shell membrane eases joints by increasing cell production and decreasing inflammation. 500mg a day gives rapid results. ,Cochrane,http://onlinelibrary.wiley.com/o/cochrane/clcentral/articles/993/CN-00718993/frame.html
elderberry,1,infections,flu,plant / herb,"1,740,000",Eelderberry extract Sambucol may be useful for the treatment of viral influenza infections. More rigorous studies needed.,Phytotherapy Research,http://www.actahort.org/books/1061/1061_12.htm
elk velvet antler,1,musculoskeletal,rheumatoid arthritis,animal product,"45,300",No good quality evidence for elk velvet antler as a treatment for arthritis.,The New Zealand Medical Journal,http://majsivi.wdfiles.com/local--files/2012:1214/Gilbey2012.pdf
evening primrose oil,1,"reproductive, women",PMS,plant / herb,"692,000",Evening primrose oil is no more effective than placebo. ,Journal of Psychosomatic Obstetrics and Gynecology,http://www.tandfonline.com/doi/abs/10.3109/0167482X.2010.538102#.Vcnzd5NVhBc
evening primrose oil,1,eye & skin,eczema,plant / herb,"1,420,000",A review of 27 studies found no evidence of efficacy.,Cochrane,https://www.cochrane.org/CD004416/SKIN_oral-evening-primrose-oil-and-borage-oil-eczema
feverfew,5,pain,migraine,plant / herb,"8,970,000",Feverfew reduces migraine frequency by just over half a migraine a month. ,Cochrane,http://www.cochrane.org/CD002286/SYMPT_feverfew-for-preventing-migraine
fish oil / omega 3,2,general health,cystic fibrosis,compound,"9,790,000",Evidence is poor.,Cochrane,https://www.cochrane.org/CD002201/CF_use-omega-3-supplements-people-cystic-fibrosis
fish oil / omega 3,1,mental health,"Alzheimer's, dementia",compound,"2,650,000","In the largest and longest study of its kind, researchers found that fish oil/omega 3 had no statistically significant impact on cognitive decline.",The Journal of the American Medical Association,http://jama.jamanetwork.com/article.aspx?articleid=2429713
fish oil / omega 3,1,respiratory,asthma,compound,"3,950,000",Review of trials found that people with asthma changing their diets to include more fish oil DID NOT improve their asthma.,Cochrane,https://www.cochranelibrary.com/cdsr/doi/10.1002/14651858.CD001283/abstract
fish oil / omega 3,2,cancer,cancer symptoms,compound,"159,000,000",Fish oil can counter chemotherapy-related damage to white blood cells. ,Lipids,http://link.springer.com/article/10.1007/s11745-011-3643-0#page-2
fish oil / omega 3,2,"mental health, children",child intelligence,compound,"31,900,000",Fish oil supplementation has a very minor positive impact on some measures of learning and performance.,PubMed,http://www.ncbi.nlm.nih.gov/pubmed/20171055
fish oil / omega 3,3,cancer,colorectal cancer,compound,"47,600,000",It is thought that omega 3 reduces the risk of colorectal cancer and is effective in its treatment. ,PubMed,https://www.ncbi.nlm.nih.gov/pmc/articles/PMC7373878/
fish oil / omega 3,1,digestion,Crohn's disease,compound,"31,800,000",No beneficial effect for those with Crohn's Disease.,Cochrane,http://www.cochrane.org/reviews/en/ab006320.html
fish oil / omega 3,1,reproductive,low sperm count,compound,"15,200,000",A small study of 211 men it was found that omega 3 supplementation significantly increased sperm count. ,Cochrane,http://onlinelibrary.wiley.com/o/cochrane/clcentral/articles/203/CN-00780203/frame.html
fish oil / omega 3,1,diabetes,diabetes,compound,"15,200,000",Probably no beneficial effect for those with type 2 diabetes. ,Cochrane,http://www.cochrane.org/CD003205/ENDOC_omega-3-polyunsaturated-fatty-acids-pufa-for-type-2-diabetes-mellitus
fish oil / omega 3,0,cancer,prostate cancer,compound,"1,610,000",HAMRFUL? Recent studies have linked fish oil intake with increased prostate cancer risk.,Journal of the National Cancer Institutue.,http://jnci.oxfordjournals.org/content/early/2013/07/09/jnci.djt174.abstract
fish oil / omega 3,2,mental health,psychosis,compound,"440,000","In one study, supplementation delayed the onset of psychosis in those on track to develop certain mental health conditions. ",Nature Communications,http://www.nature.com/ncomms/2015/150811/ncomms8934/full/ncomms8934.html
fish oil / omega 3,2,mental health,depression,compound,"6,800,000",Low quality evidence. ,Cochrane,http://www.cochrane.org/CD004692/DEPRESSN_omega-3-fatty-acids-depression-adults
fish oil / omega 3 (in pregnancy),5,reproductive,preterm birth,compound,"212,000,000",A meta-analysis concluded that preterm birth & early preterm birth were reduced in women receiving omega-3. ,Cochrane,https://www.cochrane.org/CD003402/PREG_omega-3-fatty-acid-addition-during-pregnancy
flax seeds,1,"cancer, women",breast cancer,plant / herb,"1,320,000",Population studies indicate a slight possibility flaxeed could reduce breast cancer tumour growth. No controlled trials have been carried out.,Cancer Causes Control,http://link.springer.com/article/10.1007/s10552-013-0155-7#page-2
folic acid,5,children,birth defects,vitamin,"1,780,000","Folic acid helps to prevent birth defects, but timing of supplementation is important. ",Cochrane,http://onlinelibrary.wiley.com/doi/10.1002/14651858.CD007950.pub2/full
folic acid,0,cancer,cancer,vitamin,"19,000,000",POTENTIALLY HARMFUL. When combined with vitamin B12 can be associated with increased cancer risk.,Cochrane,https://www.ncbi.nlm.nih.gov/pmc/articles/PMC7527439/
GABA,3,mental health,"stress, anxiety",compound,"3,880,000",Some suggestive evidence for effect on anxiety & stress.,Frontiers in Neuroscience,https://www.ncbi.nlm.nih.gov/pmc/articles/PMC7527439/
garlic,1,cardio,blood pressure,plant / herb,"24,700,000","Garlic might reduce blood pressure, but further research is required.",Cochrane,http://www.cochrane.org/CD007653/HTN_garlic-for-hypertension
garlic,2,cancer,cancer treatment,vegetable,"19,300,000","Due to anticancer properties of aged garlic, its consumption along with healthy diet may have beneficial effects on cancer. More clinical trials necessary.",International Journal of Preventative Medicine,https://www.ncbi.nlm.nih.gov/pmc/articles/PMC6212616/
garlic ,3,cancer,cancer prevention,plant / herb,"8,080,000","Garlic might prevent certain cancers, but there is a lack of clinical trial evidence. The WHO recommends consuming at least one clove a day for general health benefits. ",National Cancer Institute,http://www.cancer.gov/cancertopics/factsheet/Prevention/garlic-and-cancer-prevention
garlic ,1,infections,colds,plant / herb,"3,370,000",Insufficient evidnce for effects on the common cold.,Cochrane: Garlic for the common cold,https://www.cochranelibrary.com/cdsr/doi/10.1002/14651858.CD006206.pub4/full?highlightAbstract=withdrawn%7Cgarlic%7Ccold
ginger,4,digestion,nausea and vomiting,plant / herb,"10,100,000",Ginger prevents nausea and vomitting for some people in certain circumstances.,Annals of Oncology,https://www.ncbi.nlm.nih.gov/pmc/articles/PMC3995184/
gingko biloba,1,mental health,dementia,plant / herb,"428,000",Insufficient clinical trial evidence for the use of ginkgo bilboa as a treatment for dementia.,University of Oxford Medical Sciences Division,http://www.ncbi.nlm.nih.gov/pubmed/20040554
ginseng,1,mental health,cognitive performance,plant / herb,"797,000","No convincing evidence for ginseng enhancing cognition in healthy people, and only low quality evidence that it helps dementia patients. ",Cochrane,http://www.cochrane.org/CD007769/DEMENTIA_no-convincing-evidence-of-a-cognitive-enhancing-effect-of-panax-ginseng.
glucosamine,3,musculoskeletal,"arthritis, joint pain",compound,"4,830,000","Studies using a specific brand of glucosamine (Rotta) found that patients' pain decreased. However, studies using other brands found no difference between glucosamine and placebo. ",Cochrane,http://www.cochrane.org/CD002946/MUSKEL_glucosamine-for-osteoarthritis
glutamine,1,"digestion, children",gastrointestinal disease in infants,compound,"1,850,000",Insufficient evidence to determine whether glutamine supplements are beneficial or harmful.,Cochrane,https://www.cochranelibrary.com/cdsr/doi/10.1002/14651858.CD005947.pub4/full?highlightAbstract=disease%7Cinfants%7Cglutamin%7Cgastrointestin%7Cyoung%7Cfor%7Csupplementation%7Cwithdrawn%7Cdiseas%7Cglutamine%7Cinfant%7Cgastrointestinal%7Cwith%7Csever%7Cfour%7Csupplement%7Csevere
glutamine,1,general health,mortality in preterm infants,compound,"248,000",No evidence. ,Cochrane,http://www.cochrane.org/CD001457/NEONATAL_glutamine-supplementation-prevent-morbidity-and-mortality-preterm-infants
goji berry,1,eye & skin,eye health,plant / herb,"1,880,000",Supplementation for 90 days appeared to show some improvements in eye-health for seniors. But more research is needed. ,Optometry and Vision Science,http://journals.lww.com/optvissci/Abstract/2011/02000/Goji_Berry_Effects_on_Macular_Characteristics_and.12.aspx
grape seed extract,1,pain,"wound healing, swelling",plant / herb,"735,000",Some preliminary evidence  ,Examine.com,https://examine.com/supplements/grape-seed-extract/
green tea,3,cancer,cancer prevention,plant / herb,"25,800,000","The evidence is conflicting. However, drinking 3-5 cups a day might have general health benefits. ",Cochrane,http://www.cochrane.org/reviews/en/ab005004.html
green tea,2,cardio,cholesterol,plant / herb,"50,000,000","Might help to reduce total cholesterol levels, but trials were small and exposed to bias. ",Cochrane,http://www.cochrane.org/CD009934/VASC_green-and-black-tea-to-prevent-cardiovascular-disease
hawthorn,3,cardio,"blood pressure, cardiovascular disease",fruit,"18,400,000","Mixed results, with some studies showing no effect and others suggesting positive benefits. Larger, longer-term trials are needed.",Cochrane; BMC Complementary and Alternative Medicine; Phytotherapy Research,https://www.cochranelibrary.com/cdsr/doi/10.1002/14651858.CD005312.pub2/abstract
hawthorn ,5,cardio,chronic heart failure,fruit,"1,070,000",Hawthorn improves heart function in those with chronic heart failure.,American Journal of Cardiovascular Drugs,https://link.springer.com/article/10.1007/s40256-017-0249-9
horsetail ,2,musculoskeletal,osteoporosis,vegetable,"98,600","A small, old study showed horsetail improved bone density in menopausal women.",,http://onlinelibrary.wiley.com/o/cochrane/clcentral/articles/095/CN-00415095/frame.html
horse chestnut seed extract,4,cardio,CVI,plant / herb,"104,000","Horse chestnut seed extract is effective in treating chronic venous insufficiency. However, further research is needed.",Cochrane,http://www.cochrane.org/CD003230/PVD_horse-chestnut-seed-extract-for-long-term-or-chronic-venous-insufficiency
hyaluronic acid,2,musculoskeletal,arthritis (only when injected),compound,"1,840,000","Injected hyaluronic acid might have a small effect in the treatment of osteoarthritis. However, the trials are biased and the results questionable. ",PubMed,http://www.ncbi.nlm.nih.gov/pubmed/14679274
iron,4,"children, mental health, general health",child development (when not anaemic),mineral,"185,000,000","Iron supplementation in infants might benefit their psychomotor development, but not their mental or behavioural development.",PubMed,http://www.ncbi.nlm.nih.gov/pubmed/20410098
iron + folic acid,4,reproductive,maternal and infant health,compound,"3,320,000",Reduces iron deficiency anaemia for pregnant women. The impact on babies is less clear. ,Cochrane,http://www.cochrane.org/CD004736/PREG_effects-and-safety-preventive-oral-iron-or-iron-folic-acid-supplementation-women-during-pregnancy
kava,2,mental health,anxiety,plant / herb,"964,000","Might have a small but significant effect on anxiety, but more information is required about the safety of long-term use. ",Cochrane,http://www.cochrane.org/CD003383/DEPRESSN_kava-extract-for-treating-anxiety
krill oil,1,women,PMS,other,"271,000",Krill oil significantly reduced both emotional and physical PMS symptoms in one study.,PubMed,http://www.ncbi.nlm.nih.gov/pubmed/12777162
L-arginine,1,general health,exercise performance,compound,"19,600,000","One study found that L-arginine had a significant beneficial impact on exercise performance. However, the trial was tiny. ",Journal of Applied Psysiology,http://jap.physiology.org/cgi/content/abstract/japplphysiol.00503.2010v1
L-carnitine,3,diabetes,diabetes,compound,"2,900,000",May alleviate pain in patients with diabetic nerve issues (neuropathy). ,Diabetes Care,http://care.diabetesjournals.org/content/28/1/89.short
L-lysine,1,"sexual health, infections",herpes,compound,"907,000",No evidence that lysine has a preventative effect on cold sores.  ,Cochrane,http://www.cochrane.org/CD010095/SKIN_measures-preventing-cold-sores
lavender,2,mental health,"depression, anxiety",plant / herb,"31,900,000",Suggestive evidence for reduced anxiety. No effect on depression.,Examine.com,https://examine.com/supplements/lavender/
lavender,1,mental health,"sleep, relaxation, anxiety",plant / herb,"11,100,000","One small study found inhaling lavender before bed relieves sleepiness on waking in healthy adults, but the trial was tiny. ",Perceptual and Motor Skills,http://www.amsciepub.com/doi/abs/10.2466/13.15.PMS.114.1.111-122
leucine,1,general health,protein synthesis,compound,"10,300,000","One study found drinking leucine solution while exercising speeds up recovery, but the trial was tiny. ",Pasiakos et al. 2011,http://www.ncbi.nlm.nih.gov/pubmed/21775557
lingzhi + san miao san,2,musculoskeletal,arthritis,plant / herb,"17,800","This combination of Chinese herbs may reduce pain, but does not provide any other significant benefits (e.g. antiinflammatory).",American Journal of Clinical Nutrition,http://www.ncbi.nlm.nih.gov/pubmed/17907228
lutein ,1,eye & skin,age-related macular degeneration (AMD),compound,"5,390,000",Taking lutein alone (or combined with zeaxanthin) may have little or no effect on progression to late AMD and vision loss (low-certainty evidence).,Cochrane,http://onlinelibrary.wiley.com/doi/10.1002/14651858.CD000254.pub4/abstract
lycopene,2,"cancer, men",prostate cancer,compound,"720,000",Insufficient evidence to support or refute the use of lycopene in preventing prostate cancer. ,Cochrane,http://www.cochrane.org/CD008007/PROSTATE_lycopene-for-the-prevention-of-prostate-cancer
magnesium,3,cardio,blood pressure,mineral,"49,300,000",Low levels of magnesium in the diet are linked to high blood pressure and cholesterol. Magnesium treatment might be effective as a preventative. ,International Journal of Cardiology,http://www.sciencedirect.com/science/article/pii/S016752731501270X
magnesium + vitamin B6,3,"mental health, children",child ADHD,vitamin,"1,240,000",Children with ADHD tend to have low magnesium and vitamin B6 levels. It's unclear whether supplementation reduces the symptoms of ADHD.,Magnes Restauracja,https://www.ncbi.nlm.nih.gov/pubmed/22928358
melatonin,2,mental health,sleep disturbances ,compound,"16,900,000","Can help to regulate the body-clock and improve sleep. However, it does not affect all groups of people in the same way, and the evidence is low quality. ",Cochrane,https://www.cochranelibrary.com/cdsr/doi/10.1002/14651858.CD009776.pub2/full?highlightAbstract=sleep%7Cwithdrawn%7Cmelatonin
milk thistle,2,"general health, infections","hepatitis, diabetes",plant / herb,"2,040,000","Might be beneficial in treating hepatitis and other liver diseases, and protecting the liver from the impact of diabetes. However, the trials were low quality. ",Cochrane,http://www.cochrane.org/CD003620/LIVER_no-evidence-supporting-or-refuting-milk-thistle-for-alcoholic-andor-hepatitis-b-or-c-virus-liver-diseases
mistletoe,3,cancer,breast & neck cancers,plant / herb,"1,080,000",Some preliminary evidence for improving quality of life in breast cancer patients. Evidence for other cancers is weak. More studies needed.,Cochrane,https://www.cochranelibrary.com/cdsr/doi/10.1002/14651858.CD003297.pub2/full
MSM,2,musculoskeletal,arthritis ,compound,"2,160,000","Associated with slight reduction in pain and improvement in function, but the results may not be clinically significant.  ",BMC Complementary and Alternative Medicine,http://www.biomedcentral.com/1472-6882/11/50/
myo-inositol ,4,diabetes,gestational diabetes,compound,"52,600",Potential benefit for reducing the incidence of gestational diabetes.,Cochrane,http://www.cochrane.org/CD011507/PREG_taking-myo-inositol-dietary-supplement-during-pregnancy-prevent-development-gestational-diabetes
N-acetyl cysteine (NAC),1,mental health,"OCD, addiction",other,"291,000",Problems with glutamate function in the brain are thought to affect addiction and compulsive behaviour. NAC might improve glutamate function.,Clinical Psychopharmacology and Neuroscience,http://www.ncbi.nlm.nih.gov/pmc/articles/PMC4423164/
nettle,1,"urinary, men",prostate-related urinary problems,plant / herb,"410,000",Might be effective in treating urinary issues in men by reducing inflammation. But we could find no recent studies.,PubMed,http://www.ncbi.nlm.nih.gov/pubmed/16635963
niacin (vitamin B3),0,cardio,heart disease,vitamin,"3,620,000","POTENTIALLY HARMFUL. Has long been thought an effective treatment for heart disease, but recent findings show that it does not help, and can have severe adverse effects. ",The New England Journal of Medicine.,http://www.nejm.org/doi/full/10.1056/NEJMoa1300955
olive leaf extract,1,cardio,"blood pressure, cholesterol",plant / herb,"5,840,000","One study found  beneficial effects on vascular health, although the trial was small. ",British Journal of Nutrition,http://journals.cambridge.org/action/displayAbstract?fromPage=online&aid=9860730&fileId=S0007114515001269
omega 3,1,"mental health, children",child ADHD,compound,"2,360,000",Insufficient evidence to suggest omega 3 has any beneficial effect on children with ADHD.,Cochrane,http://www.cochrane.org/CD007986/BEHAV_polyunsaturated-fatty-acids-pufa-supplements-for-attention-deficit-hyperactivity-disorder-adhd-in-children-and-adolescents
omega 3: ALA,1,cardio,heart disease,compound,"1,360,000","Insufficient evidence to claim that omega 3 has any impact on heart health, either in healthy people or those with cardiovascular disease.",Cochrane,http://www.cochrane.org/CD003177/VASC_there-is-not-enough-evidence-to-say-that-people-should-stop-taking-rich-sources-of-omega-3-fats-but-further-high-quality-trials-are-needed-to-confirm-the-previously-suggested-protective-effect-of-omega-3-fats-for-those-at-increased-cardiovas
omega 6,1,cancer,cancer,compound,"64,300,000","One study found that omega 6 prevented tumours from growing, but this was a cell study, i.e. not tested on humans. ",Journal of the National Cancer Institute,http://jnci.oxfordjournals.org/cgi/content/abstract/97/21/1611?maxtoshow=&hits=10&RESULTFORMAT=&fulltext=eveing+primrose+oil&searchid=1&FIRSTINDEX=0&resourcetype=HWCIT
omega 6,1,cardio,heart health,compound,"68,400,000",No benefit on heart health. ,British Medical Journal,http://www.bmj.com/content/346/bmj.e8707
pau d’arco,0,general health,decongestant ,plant / herb,"35,100","HARMFUL. Highly toxic. If used at all, should be used with extreme caution. ",Oncology Nursing Forum,https://pdfs.semanticscholar.org/582a/65c49c737111cc5416303877d4c5c0c5a093.pdf
peppermint oil,5,digestion,IBS,plant / herb,"1,080,000","Relaxes muscles, which relieves IBS-related muscle spasms. Peppermint oil might be more effective than conventional anti-spasmodics and fibre treatment. ",Cochrane,https://www.cochranelibrary.com/cdsr/doi/10.1002/14651858.CD003460.pub3/full?highlightAbstract=withdrawn%7Cib%7Cibs%7Cpeppermint
piracetam,2,mental health,"memory, dementia",compound,"475,000",Evidence does not support the use of piracetam as a treatment for cognitive impairment. ,Cochrane,https://www.cochranelibrary.com/cdsr/doi/10.1002/14651858.CD001011/full?highlightAbstract=withdrawn%7Cpiracetam
potassium,1,cardio,blood pressure,mineral,"56,000,000",Medication that prevents potassium loss has no significant impact on blood pressure at low doses. Trials at high doses are unavailable. ,Cochrane,http://www.cochrane.org/CD008167/HTN_the-blood-pressure-lowering-effect-of-enac-blockers-is-not-known
probiotics,2,reproductive,candida,other,"3,940,000",Very low quality evidence. High quality trials needed. ,Cochrane,http://www.cochrane.org/CD010496/STI_probiotics-vulvovaginal-candidiasis-non-pregnant-women
probiotics,3,cardio,"cholesterol, blood pressure",other,"8,880,000",Conflicting evidence and unclear results.,Internal Journal of Molecular Sciences,http://www.mdpi.com/1422-0067/11/6/2499/htm
probiotics,3,digestion,IBS,other,"6,700,000","A particular probiotic (B. infantis 35624) improves IBS symptoms such as pain, bloating, and bowel movement difficulty. Evidence for other types of probiotic is limited. ",PubMed,http://www.ncbi.nlm.nih.gov/pubmed/19277023
probiotics,1,urinary,urinary tract infections,other,"1,190,000",No significant evidence that probiotics are any more effective than placebo in treating UTIs. Quality of evidence is poor.,Cochrane,http://www.cochrane.org/CD008772/RENAL_probiotics-preventing-urinary-tract-infections-adults-and-children
probiotics,5,digestion,diarrhea,other,"1,420,000",Effective for preventing diarrhea associated with antibiotic use,Cochrane,http://www.cochrane.org/CD006095/IBD_use-probiotics-prevent-clostridium-difficile-diarrhea-associated-antibiotic-use
reishi mushroom,2,cancer,cancer,plant/herb,"601,000",Possible effect on recovery from chemotherapy. But studies were small and there were some quality concerns. ,Cochrane,http://www.cochrane.org/CD007731/GYNAECA_g-lucidum-reishi-mushroom-cancer-treatment
resveratrol,2,cardio,heart health,compound,"6,560,000","Resveratrol may have cardioprotective benefits, although scientists don't know quite how it works.",Tomé-Carneiro et al 2013,http://www.ncbi.nlm.nih.gov/pubmed/23448440
resveratrol,1,cancer,cancer,compound,"7,130,000",No human trials as yet.,Cancer Letters,http://onlinelibrary.wiley.com/doi/10.1111/nyas.12205/abstract?userIsAuthenticated=false&deniedAccessCustomisedMessage=
resveratrol,2,diabetes,diabetes,compound,"6,940,000",Some preliminary evidence for relieving diabetes symptoms.,British Journal of Nutrition,http://www.ncbi.nlm.nih.gov/pubmed/21385509
rhodiola rosea L.,2,"mental health, general health",fatigue,plant / herb,"258,000","Rhodiola rosea L. is effective in treating fatigue. However, the quality of the trials conducted is questionable. ",Complementary and Alternative Medicine,http://www.biomedcentral.com/1472-6882/12/70
saffron,2,mental health,depression,plant/herb,"2,820,000",Possible anti-depressant effect. But solid evidence is lacking. ,"Journal of Affective Disorders, Phytomedicine, Journal of Ethnopharmacology, Journal of Integrative Medicine, Human Psychopharmacology",https://www.sciencedirect.com/science/article/pii/S0165032717315884
SAM-e,1,mental health,depression,compound,"313,000,000",A review of eight studies showed no strong evidence of the effectiveness of SAM-e when taken on its own. More study needed.,Current Psychiatry Reports,https://www.cochranelibrary.com/cdsr/doi/10.1002/14651858.CD011286.pub2/full?highlightAbstract=withdrawn%7Cdepress%7Cdepression%7Ce%7Csam
saw palmetto,1,"urinary, men",prostate-related urinary problems,plant / herb,"2,150,000",No evidence that it improves urinary-tract-related problems. ,Cochrane,https://www.cochranelibrary.com/cdsr/doi/10.1002/14651858.CD001423.pub3/full?highlightAbstract=saw%7Cwithdrawn%7Cpalmett%7Cpalmetto
selenium,1,cancer,cancer ,mineral,"19,400,000",Insufficient evidence that selenium lowers cancer risk. ,Cochrane,http://www.cochrane.org/CD005195/GYNAECA_selenium-for-preventing-cancer
silicic acid,1,mental health,Alzheimer's,compound,"48,800",Silicic acid might help to prevent Alzheimer's Disease by decreasing the amount of aluminium in the body. We await more research.,PubMed,http://www.ncbi.nlm.nih.gov/pubmed/16988476
slippery elm,1,infections,sore throat,plant / herb,"973,000",No clinical evidence for sore throats.,Pediatrics in Review,http://www.researchgate.net/profile/Kathi_Kemper2/publication/274637505_herbs_in_pediatric_and_adolescent_medicine-_gardiner-_peds_in_review_2000/links/55242e490cf2b123c51736e8.pdf
spirulina,1,cardio,"blood pressure, cholesterol",plant / herb,"837,000",Very preliminary evidence shows Spirulina reducing blood pressure and lower lipids.,Journal of Medicinal Food,http://www.ncbi.nlm.nih.gov/pubmed/19298191
St John's wort,4,mental health,depression,plant / herb,"1,500,000","St John's Wort performs better than a placebo in improving depression symptoms, and not significantly different to antidepressants, which had more side-effects.","Cochrane, Systematic Reviews",https://www.cochrane.org/CD000448/DEPRESSN_st.-johns-wort-for-treating-depression.
St John's wort,1,"reproductive, women",PMS,plant / herb,"249,000",Daily treatment with St. John's wort had no effect on the emotional and physical symptoms of PMS.,CNS Drugs,http://www.tandfonline.com/doi/abs/10.3109/0167482X.2010.538102#.VcoSgJNVhBc
taurine,1,"general health, cardio","weight loss, cholesterol",compound,"1,860,000",No human trials.,PubMed,https://www.ncbi.nlm.nih.gov/pubmed/15221507
TMG ,1,general health,metabolism,compound,"182,000",No significant effect on metabolism in humans. ,Schwab 2002,http://www.ncbi.nlm.nih.gov/pubmed/12399266
tryptophan,3,"mental health, women",depression in women,compound,"233,000","Tryptophan and 5-HTP might alleviate depression, but the studies conducted are unreliable, and the safety of the substances is questionable. ",Cochrane,http://www.cochrane.org/CD003198/DEPRESSN_tryptophan-and-5-hydroxytryptophan-for-depression
turmeric,2,cancer,cancer,plant / herb,"2,790,000","Might have anti-cancer effects, particularly on colon and pancreatic cancer, cervical neoplasia and Barrets metaplasia. ",PubMed,http://www.ncbi.nlm.nih.gov/pubmed/20214562
turmeric,3,digestion,"peptic ulcer, ulcerative colitis ",plant / herb,"857,000","May be an effective therapy for peptic ulcers and ulcerative colitis when combined with conventional medications. However, larger trials are needed. ",Cochrane,http://www.cochrane.org/CD008424/IBD_curcumin-for-maintenance-of-remission-in-ulcerative-colitis
turmeric,2,mental health,depression,plant/herb,"10,700,000","May have benefits. However, it has poor bioavailability. 9-20 teaspoons daily would be required to get the desired effect.","Journal of the American Medical Directors Association, Journal of Affective Disorders, Phytotherapy Research, European Neuropsychopharmacology, Journal of Clinical Pharmacology,",http://onlinelibrary.wiley.com/doi/10.1002/ptr.5524/full
turmeric,2,cognition,memory,plant / herb,"1,200,000","A high quality, long-term (18 months), but small study (40 subjects) found that 90mg of curcumin twice daily improved memory in adults without dementia. ",American Journal of Geriatric Psychiatry,https://www.sciencedirect.com/science/article/pii/S1064748117305110
L-tyrosine,4,cognition,"alertness, wakefulness, memory",compound,"49,700",Evidence suggests that tyrosine intake slightly improves working memory and information processing in healthy adults under strain. ,Pharmacology Biochemistry and Behaviour,http://www.sciencedirect.com/science/article/pii/S0091305715000945
L-tyrosine,3,mental health,depression,compound,"4,830,000","Tyrosine may help with mental health problems by maintaining neurotransmitters, which affect mood.",Pharmacology Biochemistry and Behaviour,http://www.sciencedirect.com/science/article/pii/S0091305715000945
valerian,1,mental health,anxiety,plant / herb,"2,310,000",One study found no difference between valerian and placebo in the treatment of anxiety. Research using larger samples is required. ,Cochrane,http://www.cochrane.org/CD004515/DEPRESSN_valerian-for-anxiety-disorders
valerian,0,mental health,insomnia,plant / herb,"1,140,000",HARMFUL? No significant differences between valerian and placebo in the treatment of insomnia. Valerian might have a number of adverse side effects. ,Sleep Medicine Reviews,http://www.sciencedirect.com/science/article/pii/S1087079214001476
vitamin A,4,"general health, infections","child mortality, diarrhea, measles",vitamin,"45,600,000","Reduces overall risk of death and death due to diarrhoea by 12%. Vitamin A does not specifically reduce death due to measles, respiratory infections, or meningitis, but it can reduce new occurrences of diarrhoea and measles.","Cochrane, WHO",http://www.cochrane.org/CD008524/BEHAV_vitamin-supplementation-preventing-disease-and-death-children-aged-six-months-five-years
vitamin A,0,children,birth defects,vitamin,"635,000","HARMFUL. High doses (10,000 ID/per day) can cause birth defects in human and animal infants.",PubMed,http://www.ncbi.nlm.nih.gov/pubmed/9431575
vitamin B,2,mental health,Alzheimer's,vitamin,"16,200,000",Vitamin B treatment slows brain shrinkage and significantly reduces brain cell death.,Proceedings of the National Academy of Sciences of the United States of America,http://www.pnas.org/content/110/23/9523.short
Vitamin B,4,mental health,schizophrenia,vitamin,"5,580,000",A review of 18 studies found that vitamin B reduced psychiatric symptoms significantly more than in a control group.,Psychological Medicine,https://www.cambridge.org/core/journals/psychological-medicine/article/div-classtitlethe-effects-of-vitamin-and-mineral-supplementation-on-symptoms-of-schizophrenia-a-systematic-review-and-meta-analysisdiv/3CFE6C3B0FED2ED04B9968AD2660EA08
vitamin B2,2,pain,migraine  ,vitamin,"683,000",May reduce the frequency of migraines.,Neurological Science,http://link.springer.com/article/10.1007/s10072-014-1755-z#page-1
vitamin B3,2,cancer,skin cancer ,vitamin,"3,160,000",May prevent skin cancer.,"International Journal of Cancer, Photodermatology, Photoimmunology & Photomedicine, CA: A Cancer Journal for Clinicians, New England Journal of Medicine",http://onlinelibrary.wiley.com/wol1/doi/10.1002/ijc.30630/full
vitamin B8,3,mental health,"OCD, panic disorder",vitamin,"94,200","Several small studies suggest anti-anxiety effects, but more research is needed.  ",Journal of Clinical Pharmacology,"http://journals.lww.com/psychopharmacology/Abstract/2001/06000/Double_Blind,_Controlled,_Crossover_Trial_of.14.aspx"
vitamin B8,2,mental health,depression,vitamin,"860,000",The evidence for vitamin B8 (also known as Inositol) as a treatment for depression is unclear.,Cochrane,http://www.cochrane.org/CD004049/DEPRESSN_inositol-for-depression
vitamin C,4,infections,colds,vitamin,"9,430,000","Vitamin C supplementation does not reduce the incidence of colds in the general population, although it can shorten their duration. For those under extreme physical stress (e.g. marathon runners) vitamin C appears to half the risk of developing a cold. ",Cochrane,http://www.cochrane.org/CD000980/ARI_vitamin-c-for-preventing-and-treating-the-common-cold
vitamin D,1,cancer,cancer,vitamin,"166,000,000","One of the largest & most rigorous trials ever conducted (25,871 participants over 5 years) found that vitamin D supplementation did not result in lower incidence of invasive cancers. ","PubMed, New England Journal of Medicine",http://www.ncbi.nlm.nih.gov/pubmed/20164683
vitamin D,3,respiratory,asthma attacks,vitamin,"37,100,000",Some protection against severe asthma attacks in adults with mild to moderate asthma. Further trials focusing on children and people who experience frequent severe asthma attacks are needed.,Cochrane,http://www.cochrane.org/CD011511/AIRWAYS_vitamin-d-prevent-asthma-attacks
vitamin D,4,musculoskeletal,bone health,vitamin,"80,200,000",It appears that supplementation for those with vitamin D deficiency increases bone density and helps to prevent fractures. ,American Journal of Clinical Nutrition,http://www.cochrane.org/CD006944/MUSKEL_vitamin-d-for-improving-bone-density-in-children
vitamin D,1,mental health,"depression, mood disorders",vitamin,"27,500,000","Low levels of vitamin D in the body are associated with depression, but whether or not vitamin D deficiency actually causes depression is uncertain. ",British Journal of Psychology,http://bjp.rcpsych.org/content/202/2/100.short
vitamin D,2,diabetes,diabetes,vitamin,"154,000,000",The association between vitamin D status and diabetes is unclear. ,Annals of Internal Medicine,http://www.ncbi.nlm.nih.gov/pubmed/20194237
vitamin D,3,infections,flu,vitamin,"31,800,000","In one trial, 10.8% of children taking vitamin D(3) contracted influenza, compared with 18.6% of children in the placebo group. It also reduced the number of flu-related asthma attacks. ",Urashima et al. 2010,http://www.ncbi.nlm.nih.gov/pubmed/20219962
vitamin D,4,general health,"general health, all-cause mortality",vitamin,"44,500,000","A review suggests that vitamin D3 may reduce mortality, showing that about 150 participants need to be treated over five years for one additional life to be saved. It found some evidence that vitamin D3 seems to decrease mortality in elderly people not dependent on help or living in institutional care.
",Cochrane,https://www.cochranelibrary.com/cdsr/doi/10.1002/14651858.CD007470.pub3/full?highlightAbstract=mortality%7Cwithdrawn%7Cd%7Cvitamin%7Cmortal
vitamin D,1,cardio,cardiovascular disease,vitamin,"109,000,000","One of the largest & most rigorous trials ever conducted (over 83,000 participants) found that vitamin D supplementation did not result in lower incidence of cardiovascular events. ","JAMA, New England Journal of Medicine",https://jamanetwork.com/journals/jamacardiology/article-abstract/2735646
vitamin E,0,general health,mortality,vitamin,"62,600,000","HARMFUL? High dosages might increase all-cause mortality. Small amounts can be beneficial, but the line between helpful and dangerous is unclear at this stage. ",American College of Physicians,http://annals.org/article.aspx?articleid=718049
vitamin E,2,neurological,Alzheimer's disease,vitamin,"29,000,000",No to slight evidence.,Cochrane,http://www.cochrane.org/CD002854/DEMENTIA_use-vitamin-e-treatment-mild-cognitive-impairment-and-alzheimers-disease-ad
Vitamin K,1,cardio,cardiovascular disease,vitamin,"65,600,000",More evidence needed.,Cochrane,http://www.cochrane.org/CD011148/VASC_vitamin-k-supplementation-prevent-cardiovascular-disease
Vitamin K2,3,"cancer, men",prostate cancer,vitamin,"1,470,000",No conclusive evidence.,"American Journal of Clinical Nutrition, OncoTarget",https://www.ncbi.nlm.nih.gov/pmc/articles/PMC5593683/
vitamin K2,4,musculoskeletal,osteoporosis,vitamin,"473,000","Vitamin K2 has repeatedly been shown to improve bone strength, particularly in post-menopausal women. ",Osteoporosis International,http://link.springer.com/article/10.1007/s00198-007-0337-9#page-1
xylitol,4,infections,middle ear infection,plant / herb,"311,000","Was found to reduce middle ear infections in otherwise healthy children by 8% (from 30% to 22%). It was administered via chewing gum, lozenges or syrup. Other studies have had similar positive results.","Cochrane, Medicine",http://www.cochrane.org/CD007095/ARI_xylitol-sugar-supplement-preventing-middle-ear-infection-children-12-years-age
xylitol,2,general health,teeth,compound,"3,080,000","Some evidence that xylitol in toothpaste might reduce tooth decay by 13% over 3 years. The studies have been of low quality, though. ",Cochrane,http://www.cochrane.org/CD010743/ORAL_can-xylitol-used-in-products-like-sweets-candy-chewing-gum-and-toothpaste-help-prevent-tooth-decay-in-children-and-adults
zinc,4,"infections, respiratory",colds,mineral,"2,540,000","Oral zinc formulations may shorten symptoms of common cold infections. However, large high-quality trials are needed. Side effects can be common.",CMAJ,http://www.cmaj.ca/content/184/10/E551.short
zinc,5,infections,pneumonia (children),mineral,"4,370,000",Zinc supplementation in children is associated with a reduction in the incidence and prevalence of pneumonia.,"Cochrane, WHO",http://www.cochrane.org/CD005978/ARI_zinc-supplementation-prevention-pneumonia-children-aged-two-59-months
